{
    "camera_matrix": [
        [
            1004.9319760981635,
            0.0,
            685.1355896680004
        ],
        [
            0.0,
            1007.6079264638521,
            232.6670955056262
        ],
        [
            0.0,
            0.0,
            1.0
        ]
    ],
    "dist_coeffs": [
        [
            0.32329173964523295,
            -1.8495786773834388,
            -0.04938391708249373,
            0.010633555375960725,
            7.1533167900423384
        ]
    ],
    "image_width": 940,
    "image_height": 599,
    "reprojection_error": 0.10932381309586012,
    "device_product_line": "D400",
    "device_serial": "327122076353"
}