{
    "intrinsics": {
        "fx": 909.5469970703125,
        "fy": 908.777587890625,
        "ppx": 656.2218627929688,
        "ppy": 366.1282958984375,
        "width": 1280,
        "height": 720
    }
}