{
    "top_camera": {
        "camera_matrix": [
            [
                1010.0,
                0.0,
                640.0
            ],
            [
                0.0,
                720.0,
                360.0
            ],
            [
                0.0,
                0.0,
                1.0
            ]
        ],
        "dist_coeffs": [
            0.0,
            0.0,
            0.0,
            0.0,
            0.0
        ],
        "width": 1280,
        "height": 720,
        "fx": 1010.0,
        "fy": 720.0,
        "cx": 640.0,
        "cy": 360.0
    },
    "side_camera": {
        "camera_matrix": [
            [
                615.0,
                0.0,
                320.0
            ],
            [
                0.0,
                615.0,
                240.0
            ],
            [
                0.0,
                0.0,
                1.0
            ]
        ],
        "dist_coeffs": [
            0.0,
            0.0,
            0.0,
            0.0,
            0.0
        ],
        "width": 640,
        "height": 480,
        "fx": 615.0,
        "fy": 615.0,
        "cx": 320.0,
        "cy": 240.0
    },
    "realsense": {
        "camera_matrix": [
            [
                909.5469970703125,
                0.0,
                656.2218627929688
            ],
            [
                0.0,
                908.777587890625,
                366.1282958984375
            ],
            [
                0.0,
                0.0,
                1.0
            ]
        ],
        "dist_coeffs": [
            0.0,
            0.0,
            0.0,
            0.0,
            0.0
        ],
        "width": 1280,
        "height": 720,
        "fx": 909.5469970703125,
        "fy": 908.777587890625,
        "cx": 656.2218627929688,
        "cy": 366.1282958984375
    }
}